<?xml version="1.0" encoding="UTF-8"?>
<project-private xmlns="http://www.netbeans.org/ns/project-private/1">
    <editor-bookmarks xmlns="http://www.netbeans.org/ns/editor-bookmarks/2" lastBookmarkId="1">
        <file>
            <url>main.c</url>
            <bookmark id="1">
                <name/>
                <line>0</line>
                <key/>
            </bookmark>
        </file>
    </editor-bookmarks>
    <open-files xmlns="http://www.netbeans.org/ns/projectui-open-files/2">
        <group>
            <file>file:/C:/Users/quiqu/Dropbox/DOCUMENTOS/Electronica/Proyectos/Robot%20Zumo/Programacion/Robot_Zumo.X/header.h</file>
            <file>file:/C:/Users/quiqu/Dropbox/DOCUMENTOS/Electronica/Proyectos/Robot%20Zumo/Programacion/Robot_Zumo.X/logica.c</file>
            <file>file:/C:/Users/quiqu/Dropbox/DOCUMENTOS/Electronica/Proyectos/Robot%20Zumo/Programacion/Robot_Zumo.X/api_locomocion.c</file>
            <file>file:/C:/Users/quiqu/Dropbox/DOCUMENTOS/Electronica/Proyectos/Robot%20Zumo/Programacion/Robot_Zumo.X/main.c</file>
            <file>file:/C:/Users/quiqu/Dropbox/DOCUMENTOS/Electronica/Proyectos/Robot%20Zumo/Programacion/Robot_Zumo.X/debug.c</file>
            <file>file:/C:/Users/quiqu/Dropbox/DOCUMENTOS/Electronica/Proyectos/Robot%20Zumo/Programacion/Robot_Zumo.X/tacticas.c</file>
        </group>
    </open-files>
</project-private>
