<?xml version="1.0" encoding="UTF-8"?>
<project-private xmlns="http://www.netbeans.org/ns/project-private/1">
    <editor-bookmarks xmlns="http://www.netbeans.org/ns/editor-bookmarks/2" lastBookmarkId="0"/>
    <open-files xmlns="http://www.netbeans.org/ns/projectui-open-files/2">
        <group>
            <file>file:/C:/Users/Lucas/Dropbox/Robot%20Zumo/Programacion/Robot_Zumo.X/api_locomocion.c</file>
            <file>file:/C:/Users/Lucas/Dropbox/Robot%20Zumo/Programacion/Robot_Zumo.X/tacticas.c</file>
            <file>file:/C:/Users/Lucas/Dropbox/Robot%20Zumo/Programacion/Robot_Zumo.X/main.c</file>
            <file>file:/C:/Users/Lucas/Dropbox/Robot%20Zumo/Programacion/Robot_Zumo.X/drv_ultrasonicos.c</file>
            <file>file:/C:/Users/Lucas/Dropbox/Robot%20Zumo/Programacion/Robot_Zumo.X/drv_cny70.c</file>
            <file>file:/C:/Users/Lucas/Dropbox/Robot%20Zumo/Programacion/Robot_Zumo.X/mcc_generated_files/pin_manager.h</file>
            <file>file:/C:/Users/Lucas/Dropbox/Robot%20Zumo/Programacion/Robot_Zumo.X/api_detectorDeBordes.c</file>
        </group>
    </open-files>
</project-private>
