<?xml version="1.0" encoding="UTF-8"?>
<project-private xmlns="http://www.netbeans.org/ns/project-private/1">
    <editor-bookmarks xmlns="http://www.netbeans.org/ns/editor-bookmarks/2" lastBookmarkId="0"/>
    <open-files xmlns="http://www.netbeans.org/ns/projectui-open-files/2">
        <group>
            <file>file:/E:/Dropbox/DOCUMENTOS/Electronica/Proyectos/Robot%20Zumo/Programacion/Robot_Zumo.X/drv_ultrasonicos.c</file>
            <file>file:/E:/Dropbox/DOCUMENTOS/Electronica/Proyectos/Robot%20Zumo/Programacion/Robot_Zumo.X/math_routines.c</file>
            <file>file:/E:/Dropbox/DOCUMENTOS/Electronica/Proyectos/Robot%20Zumo/Programacion/Robot_Zumo.X/header.h</file>
            <file>file:/E:/Dropbox/DOCUMENTOS/Electronica/Proyectos/Robot%20Zumo/Programacion/Robot_Zumo.X/mcc_generated_files/interrupt_manager.h</file>
            <file>file:/E:/Dropbox/DOCUMENTOS/Electronica/Proyectos/Robot%20Zumo/Programacion/Robot_Zumo.X/main.c</file>
            <file>file:/E:/Dropbox/DOCUMENTOS/Electronica/Proyectos/Robot%20Zumo/Programacion/Robot_Zumo.X/tacticas.c</file>
            <file>file:/E:/Dropbox/DOCUMENTOS/Electronica/Proyectos/Robot%20Zumo/Programacion/Robot_Zumo.X/logica.c</file>
            <file>file:/E:/Dropbox/DOCUMENTOS/Electronica/Proyectos/Robot%20Zumo/Programacion/Robot_Zumo.X/usonic_header.h</file>
        </group>
    </open-files>
</project-private>
